Files,wgocnc.xlsx,sbpc42.xlsx,rrg3md.xlsx,jrrgxf.xlsx,jmd5h8.xlsx,pecxc9.xlsx,smdvw5.xlsx,mmg9n6.xlsx,mtf7w2.xlsx,kedgm9.xlsx,dlokv6.xlsx,hnldm2.xlsx,dsdxd8.xlsx,wahbf.xlsx,ngtp8b.xlsx,kah89f.xlsx,hmnhx4.xlsx,ajdqnf.xlsx,jahq76.xlsx,elnfhc.xlsx,nm8c7.xlsx,ajb9b3.xlsx,tah5z2.xlsx,zws2p8.xlsx,tjdpzd.xlsx,tcdzb7.xlsx,lpnb79.xlsx,vvmmvd.xlsx,njd5zf.xlsx,cjdk88.xlsx,mjpg95.xlsx,dtqb7d.xlsx,mwwcn6.xlsx,kdcncc.xlsx,jdf5g4.xlsx,jhgn9c.xlsx,kab5zb.xlsx,habc8.xlsx,jac345.xlsx,nhm2p3.xlsx,lms8m4.xlsx,jfk535.xlsx,sanfz9.xlsx,jkn7fc.xlsx,jlgwxc.xlsx,oro26b.xlsx,bay6g7.xlsx,tlgdq9.xlsx,pt7td.xlsx,amsh7c.xlsx,ctkbn4.xlsx,hemmb2.xlsx,jlkm94.xlsx,krh5f5.xlsx
wgocnc.xlsx,0.5000000005,0.9999998891658709,0.9999973787931007,0.9999319680233179,0.9999995349288817,0.9999552237911657,0.9998242167653562,0.9999875941065545,0.9999690160666047,0.9999206489960049,0.9974573672647791,0.999999898651417,0.9999999430115297,0.9999885245296285,None,0.9999999969430429,0.9999999973178457,0.9999998370416054,None,0.9999995747302595,0.9999993849465681,0.9999468137757421,0.9999987918182612,0.9997630423575139,0.9999923777617112,0.9999968032316966,0.9999990853117089,0.9999346573548111,0.9999978669561199,None,0.9999986305158508,0.9999989296101514,0.9999999712377525,0.9999985432299897,0.9999998514809145,0.9999972309785266,0.9999603799157162,None,0.999232689274075,0.9999715388311139,0.9999716484167964,0.9999957970043301,0.9999814112070677,0.9999999900650192,0.9999999861552789,0.9999999246489906,0.999999781038095,0.9997234191471225,0.9999196440654934,0.9999999987335149,0.9999973082379382,0.9963177224771473,0.9999974614561142,0.9999998345733401
sbpc42.xlsx,0.6251669328301932,0.5000000005,0.6372990404397965,0.2608589486507447,0.7268500800552904,0.4922921165300385,0.627994801100546,0.5668566272518467,0.04398389826916632,0.4185373088602613,0.49328360148753864,0.7629889636750742,0.7036388439325392,0.6074130548585217,None,0.6662228456318395,0.43865453913333835,0.6040954569112231,None,0.5988628498660233,0.5397251976250101,0.46568732742901314,0.3583511761044176,0.3454377100343457,0.602274851304279,0.6569138630328466,0.34746290692371856,0.20229411460496072,0.7095078117017286,None,0.4543573676756616,0.48493619876820354,0.4742682112109611,0.5358840330811501,0.616732895162684,0.25856988365216715,0.2589557603687673,None,0.5541976394170964,0.4085506912156258,0.154764934128806,0.625160825752764,0.24501412252207888,0.47381941578785897,0.42895370449896436,0.5000719589286173,0.39809698817114614,0.2342512877122228,0.26494213004952416,0.4796808827968431,0.6040099207966916,0.6874812433765707,0.4512718420178769,0.4229151033801231
rrg3md.xlsx,0.9999993388279043,0.9990825078310033,0.5000000005,0.9999999999773292,0.9999999997969913,0.9999999856063739,0.511371671890782,0.9999777013677102,0.9999999879311043,0.999999172800105,0.915897149022001,0.9999999999760931,0.9999999999992144,0.999999884171597,None,0.4788549374754703,0.9999998086692781,0.9999923780780562,None,0.9999811592697612,0.9999987486085163,0.9973193661150515,0.9842681971031277,0.9999999138057716,0.9999999644776201,0.9988763789216133,0.9999982581490054,0.9999993997171446,0.9999991098094831,None,0.9992643614830807,0.7381356964110041,0.999937782418347,0.9999999934498551,0.9999997616194365,0.999999507346816,0.9990154586560669,None,0.9999823846419743,0.9999242287632977,0.9999999127093904,0.9999298526519382,0.9999999996187707,0.9999999181533966,0.9999983280511846,0.9999999961719281,0.9999898088132789,0.9999808341912642,0.9999999874937437,0.9989978989355378,0.9957209629162719,0.9999998815183972,0.9994783338960385,0.9999999999983024
jrrgxf.xlsx,0.0016034361794478036,0.20847142446813205,0.34098407906634737,0.5000000005,0.540329693652082,3.5125393915702574e-07,0.012479352347237849,0.5944302916927142,0.10808850575286322,0.21156038157671153,0.2286081125950178,0.6021774127065125,0.53801137206044,0.26101197263201265,None,0.7135794238592867,0.5978324784920649,0.4708221472554613,None,0.27390365253014376,0.46626757167774463,0.47050493235079843,0.3569235075806554,9.023089417292685e-05,0.5583346269963199,0.3122858623687795,0.1578439213404586,0.5651876657902302,0.20185347434459738,None,0.507552836212875,0.5917255795492934,0.019849309736076515,0.44835832566065165,0.642158078028138,0.2240980589863284,0.16759218461295627,None,0.5535326505733975,0.25464955849774795,0.07123898744009738,0.7070176745086476,0.7577076315836673,0.16978354044787658,0.5843776316585769,0.14283118750450485,0.41007120898698646,0.2877828940510451,0.4189953401567044,0.16812982600791132,6.371529707088763e-05,0.4729912994202615,0.4425151419616328,0.20932474041421967
jmd5h8.xlsx,0.7094697543523263,0.8303593371907572,0.9344279448529241,0.07513589263305592,0.5000000005,0.7162827144800897,0.8495101812908246,0.775303924954954,0.5865859565624189,0.8716596808632852,0.6753940337132383,0.9050274185659892,0.6386192960895796,0.8764883518058115,None,0.9507158927029946,0.9097085581971713,0.8405311134677601,None,0.7043711461453713,0.839091371490193,0.6205549897386992,0.892768085782339,0.7800807311199977,0.5523418158556431,0.8959281077242724,0.8913505717086725,0.0012415685885143746,0.8538994858739577,None,0.4856894094480376,0.889358260063916,0.7273036947546615,0.7139104768734756,0.904307646801272,0.9070854442893252,0.7952577717711494,None,0.6216880830450808,0.751069267163624,0.5812317556220586,0.918689985730849,0.9322640899370833,0.8290642765790341,0.7746588956788714,0.8485625592406447,0.8742499286981249,0.9145225567143068,0.020538515345461084,0.8761616320816252,0.8356861539396417,0.7319872844372569,0.9168097545958829,0.6536867300191204
pecxc9.xlsx,0.9999853139752686,0.9999999997613791,0.9999999977501919,0.9866511083031599,0.9999999929449004,0.5000000005,0.9998751996992092,0.9999998383032234,0.9999818088263138,0.9999993936372862,0.9991854147837237,0.9999999997332358,0.9999986352620953,0.9999999974085337,None,0.9999999998472697,0.9999999998716198,0.9999999104889703,None,0.9999999792627616,0.9999996294160416,0.9786517889122801,0.9991115458073765,0.9837916968641984,0.9999654739191759,0.999999998620148,0.999998387670183,0.9903899569884196,0.9995927807292687,None,0.9999991731816702,0.9999999856161341,0.9999999880499586,0.999999984832697,0.9999767636813466,0.999999972218299,0.9999998965197459,None,0.9999969480417605,0.999999672923241,0.8570013882866588,0.9999999999357778,0.9999999728809149,0.9999999935888855,0.9999999988402024,0.9999989938410316,0.9999999672060083,0.9999999993737476,0.9982491557240474,0.9999987966513492,0.9999999914918312,0.9999999679894258,0.9999999921688487,0.999995179599594
smdvw5.xlsx,0.9999999999993783,0.999999954065347,0.9999999999999938,1.0,0.9999998424057847,0.9999988169177196,0.5000000005,0.999999999906156,0.9999999999992389,0.9796629474251457,0.9999994434386195,1.0,0.9999489326337123,0.999999999999469,None,0.9999999999999991,0.9999626043214914,0.999999999999561,None,0.9999999999903613,0.9999999999825872,0.999999999993386,0.9999999999444288,0.9999999198093339,0.999999999998862,0.999999999999503,0.9999999999999418,0.9999999999999013,0.9999999999999999,None,0.9999970506312075,0.9999999999999823,0.99870601859995,0.99999525768829,0.9999982533269258,0.9999999999900107,0.9520438154481776,None,0.9999999999981599,0.9999999999836462,1.0,0.9999999999998872,0.9999999998390843,0.9999526300112176,0.9999999999999996,0.9994582104547355,0.9999999993555941,1.0,0.9999999999999434,0.9999999919502005,0.999999999999901,0.9999999999997395,0.9999999368932143,0.9999999999999998
mmg9n6.xlsx,0.5799494909939642,0.8448158698734791,0.9928375284593719,0.9849359280804095,0.49498263814365534,0.9449667957267978,0.9199247101662917,0.5000000005,0.9595251661278468,0.42348481426227524,0.521585894560286,0.48663145874151637,0.09577109291697672,0.6196971639678405,None,0.7704196301132648,0.47024159406134364,0.9534341891506077,None,0.8798847254319644,0.9283363355429812,0.9781043098950765,0.30291894800612806,0.7412628452590622,0.707383995002276,0.8257086696901091,0.5993039730910434,0.897453317783873,0.7508026302759137,None,0.940768639363467,0.8243304653815133,0.8614689207439823,0.9790841376815347,0.2545286076815812,0.6876790787295564,0.9912504566048794,None,0.8265899555166831,0.809570103798312,0.9415301577522133,0.7303802962537146,0.6107190101218691,0.9657427325426412,0.9832368433835856,0.2770367822867222,0.9186479961322658,0.7196550963771503,0.9604112591135544,0.8804400689276926,0.9880918806141652,0.8638181515482736,0.407388696503092,0.9580176171878456
mtf7w2.xlsx,0.9412372332398207,0.9983062874987032,0.9999623509817234,0.7596151535569213,0.9989021746483182,0.9360861192892018,0.9988814089377451,0.999598142396307,0.5000000005,0.9923238741057918,0.993311213811408,0.9996733840845347,0.7753558404693184,0.9928938472829995,None,0.9984833398493813,0.9999443550232533,0.9984668871566701,None,0.9959322693557818,0.998402267629671,0.9895642405312062,0.9980633070130783,0.999935175755226,0.9991007330825445,0.999847117104616,0.9995360375870339,0.9356945484381636,0.999465453808116,None,0.9811082731426822,0.8911226003776265,0.9992230732904255,0.999619401263887,0.9834813353166093,0.9956011646484593,0.9974186222064965,None,0.996503384812154,0.9766338143093233,0.8627382288711067,0.999723050343938,0.9965822093280715,0.9997391172019092,0.9994619530598113,0.9997315228567212,0.9990867053486998,0.9335642716001357,0.9904483766147051,0.9942513446622414,0.9998360130618633,0.9979054284500057,0.9997797857843767,0.9988922430797359
kedgm9.xlsx,0.4184197738507408,0.9958088158662782,0.9229288428941803,0.9937454007758535,0.9819919090313427,0.945645198058969,0.7495431455638675,0.9325335120339647,0.9511666739185456,0.5000000005,0.6535544548407284,0.9928526003637619,0.9755584983493931,0.9632131981932586,None,0.9792506573570824,0.9764752819299773,0.9839180191956103,None,0.984799404301546,0.9627539332507414,0.9938014609932873,0.8997250631211676,0.7727458350987221,0.9888105327644431,0.9937399818061093,0.9618532206424777,0.9910252688953887,0.7626785938739351,None,0.9863622174559404,0.9371514779021571,0.9873795536126649,0.9821119216626885,0.9697588451337764,0.8762171882520569,0.9897495763653835,None,0.9943523344451202,0.9625372054583514,0.9851643645722188,0.9963163465499261,0.9608320270176417,0.9635420227887299,0.9938830070140507,0.9813119692611028,0.983176502545392,0.849771290023504,0.9791066866346403,0.9612988692959943,0.7780839324945127,0.8373906372053603,0.9900526580898107,0.9908441759486741
dlokv6.xlsx,0.9999679296393902,0.9689501178728164,0.999999999760911,0.9999923151041161,0.9999999367444001,0.5471605738892784,0.18326175227507369,0.9995615530894073,0.9997281537817866,0.26219710244139904,0.5000000005,0.9999999940179137,0.9999999886579947,0.9994736256438765,None,0.9993089871711607,0.9999941576922977,0.9999676851129005,None,0.9999113299307223,0.9999220989907807,0.9999808014003881,0.999444937582209,0.18041590894385712,0.9970771481387125,0.9999988768186838,0.999922442049336,0.9999444020126464,0.9999998096031164,None,0.8788311076840905,0.9987323717427231,0.98657064500144,0.9999989428836155,0.9888738514705818,0.9999818836398022,0.6473942343598443,None,0.9999996178998155,0.9999881414359018,0.9998920943443894,0.9999999994436759,0.9999969696910853,0.3905851274670858,0.30250022817634986,0.9999876151868736,0.9997114492398215,0.9999873280935565,0.9999840000517753,0.9919559266968799,0.9999488930902514,0.9999998680199452,0.9969890949780307,0.9999959339230571
hnldm2.xlsx,0.2198640881542392,0.3921082376027277,0.6459196329329178,0.5204998133554588,0.48780802742966145,0.25882430997621225,0.916531446817137,0.48169026463848585,0.003717386924592614,0.5742740492302858,0.29894115160468765,0.5000000005,0.6181185261373566,0.38031425647166656,None,0.490332955766526,0.3963082409565558,0.3823874004860631,None,0.27505007133158865,0.3786284380888864,0.6257385600409214,0.7088113237688051,0.4489595422476296,0.4927655242256979,0.40867426689247965,0.44425969124371756,0.45717111854672565,0.5461872318590459,None,0.5041649218494367,0.0008555486605619222,0.4680748488006442,0.5756819694506231,0.7322060260741694,0.5311070826136214,0.6219062642673454,None,0.6489948763532587,0.1392965088321677,0.0478239909993709,0.5327116349969159,0.7147516111182174,0.177420079123202,0.5084718481568702,0.5565165268516399,0.40346765206396235,0.19949428906208744,0.4107369517415618,0.29803612227724274,0.09044682396344694,0.5287642542884763,0.6527406826024018,0.41683005560506453
dsdxd8.xlsx,0.9990764678728001,0.9998523610011931,0.9999980207667536,0.9997953477881591,0.9694314296088136,0.9998745399211146,0.9965775859683199,0.9981823519443902,0.9980995841686721,0.9998512523528751,0.9999989975729693,0.9999950487977984,0.5000000005,0.9996684270473062,None,0.9999970799782901,0.9536078002954043,0.9983143198994155,None,0.9987949175623922,0.9997758187297455,0.9993579067394011,0.9999810796769876,0.9989945136189013,0.9994835311741994,0.9996324947228177,0.9994841248226846,0.9999543464345568,0.9994379965468362,None,0.9999756690192247,0.9999850633742746,0.9992953800436483,0.9825290719219997,0.9922458267253329,0.9999838157293548,0.9996821951147872,None,0.9999286708510201,0.9992527523205228,0.9993655346609683,0.9986390837588976,0.9974085709768152,0.9999466631535285,0.9999430002720023,0.9827047676858307,0.9991926020626464,0.9994882455046508,0.9998783564902305,0.9999340983052369,0.999987323444796,0.9999733317846696,0.9997676309718115,0.9994712609577203
wahbf.xlsx,0.4068054161358303,0.18524748488939413,0.582224426385157,0.3100769191611122,0.16892811964199195,0.34196669855781286,0.38436765446139015,0.19885449770211033,0.6766334108145045,0.6501301390742038,0.5352624621369342,0.5616124943631007,0.2835698225882341,0.5000000005,None,0.06289438440526818,0.593964704244841,0.33391696988457814,None,0.35032627789829374,0.34804448486572065,0.36460669538530965,0.7432768230137943,0.9610972235196851,0.2387178552145558,0.4862181576973533,0.6710516618974978,0.6629092801898605,0.6399750279338551,None,0.5713512926599952,0.7546093083929858,0.6585575099904912,0.27524696351894196,0.5843526624675468,0.7277529205619733,0.13159873970440916,None,0.20986749952863554,0.3925558294342137,0.9050538080357569,0.0010696745269045405,0.8867162487837987,0.5451618531715272,0.7072003590028721,0.443271340980886,0.37842398426304236,0.6696349655441224,0.4942162905378758,0.5188731622967213,0.7282631228802099,0.29565627796890015,0.33171710686175115,0.7916801180434527
ngtp8b.xlsx,None,None,None,None,None,None,None,None,None,None,None,None,None,None,None,None,None,None,None,None,None,None,None,None,None,None,None,None,None,None,None,None,None,None,None,None,None,None,None,None,None,None,None,None,None,None,None,None,None,None,None,None,None,None
kah89f.xlsx,0.9999352550704762,0.9998253974003012,0.999960019426726,0.9999993907534641,0.9999107664980044,0.9999995648092754,0.9995177839505056,0.9999990032351452,0.9999995680943384,0.9999968645529059,0.9999386800076585,0.9999999998265566,0.9999189673209434,0.9999978637170581,None,0.5000000005,0.9939649302284859,0.9999831715604716,None,0.9999974043150086,0.9999993795363219,0.9999946634175345,0.9999994486066532,0.9999934165720717,0.9999999996757136,0.9994293301484832,0.9999998286421815,0.9999993311383024,0.9999942973282548,None,0.9999986162844758,0.999999944329827,0.9994732743582444,0.9998957568861553,0.9999728470229301,0.9993746819782325,0.9990977460189205,None,0.9999988583483708,0.9990684368191562,0.9999983545818314,0.9999985402331883,0.9999999777618431,0.9999997340566771,0.999999986843088,0.9999164962693875,0.9999877945026088,0.9999999995805173,0.999998886488117,0.9999993506418077,0.9999988635205759,0.9999907801073045,0.999997039984199,0.9999325215334463
hmnhx4.xlsx,0.9999545029105259,0.8283995168556821,0.9998455424374558,0.9921963815356849,0.9590769745586477,0.5625679947433382,0.8059444768031849,0.9772095822345399,0.7505477002861326,0.20294542458038312,0.3886147597415606,0.10955790687861944,0.9939827630990214,0.9788921037291809,None,0.5861985270014369,0.5000000005,0.9727437821363414,None,0.9751782911208534,0.9577633240395593,0.9988299609480662,0.9163933339252701,0.004727982789294871,0.9580479523745351,0.9979827485946946,0.5222334241343416,0.9865495715921715,0.8478167916976885,None,0.9606027150593968,0.9957717249711509,0.4257689155359849,0.9954585143821355,0.6388847563551108,0.40236708250390013,0.6748612869978939,None,0.9948783923445581,0.9984725756668541,0.2751531492477021,0.9994044402540715,0.8912768024369551,0.3903909102218696,0.12235284576674799,0.6077061349399342,0.958857672818656,0.9993623271020337,0.9815763197567311,0.7944039571365051,0.9997792613580673,0.8961735913381499,0.9653098826088777,0.5591597487584079
ajdqnf.xlsx,0.5763892850522754,0.5727408572883959,0.6189432082722481,0.39354312742235475,0.5847941741409171,0.5959191222855673,0.7307841944699194,0.49236835462385314,0.5306259720868071,0.5546000803718449,0.6496919029879447,0.5408325389778574,0.5754641524713243,0.5935893353538417,None,0.364339424055584,0.584949401519636,0.5000000005,None,0.501578638540173,0.4991257743076853,0.44384844466264567,0.4950514540622094,0.7209723867132456,0.5829560598781292,0.5727547779236652,0.3006105645625617,0.5169802734430498,0.5618490313758859,None,0.5932713995902923,0.5297701297087896,0.5287000934332496,0.4565647949935549,0.6051115922880286,0.6266738049728171,0.5636442134315869,None,0.5650344731928174,0.5446045648569443,0.6466595253763412,0.551032358691851,0.5352525425511534,0.613317758920447,0.5284123919781403,0.5456570134780436,0.5556623417037662,0.47482943552156126,0.5065182371661356,0.5418710419155135,0.5928887008695871,0.5087131872779778,0.47575477898701385,0.23261202305027784
jahq76.xlsx,None,None,None,None,None,None,None,None,None,None,None,None,None,None,None,None,None,None,None,None,None,None,None,None,None,None,None,None,None,None,None,None,None,None,None,None,None,None,None,None,None,None,None,None,None,None,None,None,None,None,None,None,None,None
elnfhc.xlsx,0.2780542359344245,0.565811352022885,0.949799943650934,0.4650817627042504,0.47765746582785423,0.20635708534096242,0.39960703934620284,0.5083180965121361,0.5860418725316089,0.8586094128087141,0.7734363011879268,0.8439309390241491,0.5079060281082015,0.1533000854337508,None,0.6788624875148264,0.860580461676163,0.5773368184272991,None,0.5000000005,0.6795081194693888,0.42250457815039816,0.8739297552751221,0.619487372023725,0.4302683732335699,0.3462333991204216,0.6793424254855609,0.47226146308269495,0.901164972659784,None,0.8119493972848082,0.35715075244805583,0.6247051566153945,0.5190572380404981,0.5183526379515673,0.6633639921485699,0.7249188920962625,None,0.22479164070376578,0.5020204059527995,0.7909520141454456,0.37301680090860845,0.2672676500008618,0.880923325665492,0.7914627328186966,0.7338541499524864,0.5566301336268729,0.23662836986607538,0.6542433572933459,0.3740894217894889,0.5780407594132791,0.6193297988862358,0.7962977741994767,0.8320018185250554
nm8c7.xlsx,0.3077825923040642,0.5976187893945811,0.013350190863448241,0.9410535771173012,0.6226205552938531,0.9206116047992261,0.7018004829756075,0.4574426266627103,0.9435991355704076,0.9712330373773034,0.42052802929080224,0.961669560901076,0.9873198278635464,0.6836647601000443,None,0.035156408513554394,0.9080376946923064,0.8502076960043845,None,0.8566548024499634,0.5000000005,0.7208167228142296,0.9132135168327131,0.6308587363888085,0.7419870504973833,0.2113150334097983,0.7158031157575063,0.5445252706155161,0.9676425888992537,None,0.8726563652945645,0.7984154053313302,0.7467556297359884,0.6795453193279948,0.9902372941323763,0.938913181107625,0.10128902276452167,None,0.2973774798302734,0.39057033561589755,0.9965621944630569,0.46861587098327373,0.9913988991479581,0.8144789389679039,0.4732952423874738,0.7279730350465194,0.7723705915913435,0.9890156255632219,0.875729110196719,0.3926280082533835,7.697835820164034e-06,0.17496582986087528,0.9404690183749624,0.942713853725754
ajb9b3.xlsx,0.4201040840103291,0.9569543590357725,0.44914704893980584,0.6464043495031522,0.8743169985312541,0.744154883377897,0.44158222845611855,0.7583972439319085,0.731169317176313,0.9292570798084248,0.7668630030547678,0.9837715428873061,0.9596575105743756,0.8578043154045459,None,0.9181255809205429,0.9515653030401087,0.9313193124689219,None,0.9056320553259959,0.8905039425875764,0.5000000005,0.8403960079238603,0.6844677219645421,0.9682565159645258,0.876410908427419,0.946169612789826,0.1715528051640135,0.8552966601514037,None,0.724527112458454,0.8073525891476325,0.9724731088913106,0.8971818768792554,0.6616281933246981,0.9782347092369591,0.8878411410523348,None,0.29126385388385195,0.7024537028224584,0.6035293280515701,0.9273721877316223,0.8296396089418338,0.9555204633374053,0.8173041268384005,0.9519054439122917,0.7745590398611871,0.936398608097843,0.4621597503997218,0.9257542175768482,0.5585879326792683,0.6329628827038536,0.884344163333864,0.890650351523454
tah5z2.xlsx,0.9999935330107453,0.9747844739183045,0.9271573745975376,0.9994161975743308,0.9997293251910497,0.9918011582581164,0.12726875041647756,0.9970635701810575,0.5663437303002676,0.9877923628032184,0.596718309802615,0.994797663141841,0.9999518888015243,0.9976881452483444,None,0.7892031196160483,0.3239852931483045,0.9930693448826668,None,0.9904170764039666,0.9866020641942608,0.9918652491133512,0.5000000005,0.020716425981207154,0.6617966752120399,0.999670334455705,0.9682407498601121,0.9985399443983447,0.5893868364771038,None,0.9982803954515276,0.9672145705084492,0.796338440394547,0.9986009806206321,0.9485846877400954,0.5093428791496821,0.6442627148768254,None,0.9999794360789735,0.9998518410329618,0.050727866864641646,0.9998767429907918,0.8103158753755362,0.40672888482468583,0.11951814157234725,0.9977934694112824,0.988157068682975,0.9938672480364188,0.9963135165730859,0.7339022995734814,0.9996062335604667,0.9919564039406608,0.9936427788590199,0.8635403543524263
zws2p8.xlsx,1.0,1.0,1.0,1.0,1.0,0.9999999999999905,0.9999999883871524,1.0,1.0,1.0,0.9999999999800208,1.0,1.0,1.0,None,1.0,1.0,1.0,None,1.0,1.0,1.0,1.0,0.5000000005,1.0,1.0,1.0,1.0,1.0,None,1.0,1.0,1.0,1.0,1.0,1.0,1.0,None,1.0,1.0,0.9999999999999818,1.0,1.0,0.9999999999999922,1.0,1.0,1.0,1.0,1.0,1.0,1.0,1.0,1.0,1.0
tjdpzd.xlsx,0.17293692176849207,0.3485523362154719,0.8748419420430742,0.9195369210455657,0.8758184777122464,0.32016884611411767,0.005575773394007166,0.3168782626173921,0.8253307493318576,0.5800669758395045,0.06565185141276164,0.46014810652823607,0.8941340242378493,0.3657689326460933,None,0.0445430091645429,0.9287455618456539,0.7785929183031279,None,0.6802463004953396,0.6669560014367759,0.5766443197742945,0.386330051629753,0.08673302522970161,0.5000000005,0.7893114923241986,0.7046833068538891,0.5398333962832915,0.6042009248907231,None,0.7598381471593484,0.6873457912860286,0.12782962947859916,0.2714752062456907,0.9094714250164141,0.18212726072490737,0.0006212061026069637,None,0.7371017732920389,0.549075196711597,0.9365220546128455,0.7732767451963083,0.8610003513832231,0.22937931496280506,0.34428375657594784,0.4787275344724702,0.6734093528503303,0.90226134151052,0.8521930117692379,0.5013043952592429,0.25575459498373154,0.41636400711611854,0.48550644074703747,0.5166329053463459
tcdzb7.xlsx,0.9958458974378742,0.7680094588840423,0.10666215063886236,0.9986376134053914,0.9977003512038137,0.9618028961517274,0.3091116610809397,0.953336613386359,0.9815109334445781,0.9720772198057888,0.9677604053625337,0.9962380951702008,0.9253433765341078,0.9928979077087301,None,0.9797146576963542,0.5764607395376836,0.9860870814184277,None,0.9809188359358856,0.9755749526381604,0.9935892912664377,0.6960271840793679,0.8828825734531971,0.9633587510072357,0.5000000005,0.9894416679269988,0.9931733407844293,0.9740401817933833,None,0.8001994480430752,0.9962347362658652,0.36694483212145873,0.9109907560271335,0.9991625824732512,0.5290236080485058,0.0967101448372838,None,0.8877046524319596,0.9835309927599059,0.9997834302616939,0.9964540089071329,0.9998219044072558,0.6383844282408548,0.9955564186799117,0.727346265135435,0.9299404012964735,0.9632749093772847,0.9906889382955866,0.6765812246359959,0.4937853441762126,0.9865326847657809,0.8641197492748312,0.8993953164412198
lpnb79.xlsx,0.8403348242416,0.9522759799150489,0.9944813041094528,0.9633096749173264,0.8857855005231636,0.9770289219787334,0.9534482243606117,0.7651265838959034,0.8700281539637842,0.9852188524915204,0.9581795466317586,0.898172570003489,0.9214042093500968,0.827435847669066,None,0.8357708515338059,0.7781955667059759,0.9503870524517339,None,0.8490745135096596,0.9279977196907933,0.9604545125008239,0.9693075012352,0.9905893982092641,0.8933385387877216,0.7945175611161851,0.5000000005,0.9662353341066605,0.9345286006602547,None,0.8651237435864083,0.9493397906002159,0.9252148718620892,0.956846106373085,0.9205346196044589,0.8979419045190138,0.9517537760021914,None,0.9726027071622403,0.8929458847550029,0.9380976530251366,0.18449810515029064,0.9390134553807328,0.9549195187138446,0.963133483382383,0.8405373240310045,0.8787556888628217,0.8955048129963006,0.9405420261322868,0.9044560868459469,0.8178428087086755,0.921868115808611,0.9092935777831854,0.8404664499433077
vvmmvd.xlsx,0.5020897494354641,0.4634482568224036,0.6156160049267598,0.45273427585720993,0.09061239227310569,0.3957713281825681,0.707699898905412,0.45527053529885136,0.5252651967455809,0.5042534990141373,0.6179763400398588,0.4642132043573547,0.13204858080002013,0.5128298561731648,None,0.46332504670241087,0.5765054607124983,0.46921141373727465,None,0.4720542617767457,0.4676298456557896,0.5688288220753546,0.472801440106361,0.7456579774811792,0.6186347500998723,0.29863453005852664,0.4827916871341113,0.5000000005,0.5812584186888584,None,0.558288620610618,0.5231690315612658,0.5211447383973626,0.5186117382835415,0.5788340801560355,0.44419492815268447,0.5846277722211708,None,0.4773210400166465,0.5502861600964223,0.7003221870734688,0.49558136368314387,0.6501698756549625,0.5701960169232037,0.5207039084696181,0.4795612631347237,0.5701707103139264,0.4332908795081905,0.48040397809068436,0.5396425671909965,0.514842352689885,0.3978700883970842,0.5959705074913542,0.3520459087679307
njd5zf.xlsx,0.9829517717706865,0.33508292552446806,0.9706065810062996,0.8338080948997263,0.8259806359715143,0.5783887859767856,0.4269666616160951,0.8300099223868255,0.37119803146871133,0.6942690034814801,0.255563572634464,0.0624796506150605,0.9639749471026271,0.8563070327350573,None,0.05063911052858405,0.30072835279670707,0.7593641905928519,None,0.6999590209986538,0.6678719438017557,0.9476739249750161,0.2686836539167266,0.04281854837562682,0.490596436202625,0.9494446166657404,0.5300760081004431,0.8440461451011403,0.5000000005,None,0.9118384690717339,0.8930544919001675,0.04836686336904128,0.8001662306053824,0.7254101881717765,0.01956545687294281,0.037459505302144425,None,0.962590603706932,0.9352001193151169,0.15079165708463138,0.9486416670386587,0.5503286499685198,0.07045679682549838,0.07969422937781129,0.5072938284792488,0.7172940729467931,0.9741948438890751,0.7944659236928536,0.4788556006866802,0.8713919811605934,0.7292319281386084,0.6523402575260233,0.14734450897140805
cjdk88.xlsx,None,None,None,None,None,None,None,None,None,None,None,None,None,None,None,None,None,None,None,None,None,None,None,None,None,None,None,None,None,None,None,None,None,None,None,None,None,None,None,None,None,None,None,None,None,None,None,None,None,None,None,None,None,None
mjpg95.xlsx,0.99360742882814,0.9970873341436403,0.9990720810347351,0.8683617400789263,0.998788762656444,0.9760324811129704,0.9553793010299403,0.9992397707993234,0.9828062595833649,0.9968114960793841,0.9689167896843391,0.1741195117171288,0.9994033430830724,0.9970491006574327,None,0.9893652389976839,0.9994588485415224,0.9994394869916254,None,0.9961262972062609,0.9988973072037761,0.9282535812721445,0.8738168385029624,0.9903989419475927,0.9979987485200332,0.9972338811033348,0.9324932101493965,0.7229969285403501,0.9693643551325865,None,0.5000000005,0.9928682636375399,0.9998096509665391,0.9954516423692028,0.988054833222879,0.7658336581320231,0.9990607293791745,None,0.9970507199435144,0.9955154054098163,0.9522133027514803,0.9962306212025749,0.9924142907388174,0.9992472794484063,0.9998922782525611,0.9993467140217416,0.9987952462732896,0.9992581153241966,0.8549602188603797,0.9974015686661996,0.9994640871867825,0.9889830642625004,0.9990024448486952,0.9958386094292829
dtqb7d.xlsx,1.0,1.0,1.0,1.0,1.0,1.0,1.0,1.0,0.9999999999882273,1.0,1.0,1.0,1.0,1.0,None,1.0,1.0,1.0,None,1.0,1.0,1.0,1.0,1.0,1.0,1.0,1.0,1.0,1.0,None,1.0,0.5000000005,1.0,1.0,1.0,1.0,1.0,None,1.0,1.0,0.9999999999971882,1.0,1.0,1.0,1.0,1.0,1.0,0.9999999999957219,1.0,1.0,1.0,1.0,1.0,1.0
mwwcn6.xlsx,0.9418113716878054,0.5770748792624204,0.9885566637867913,0.7445590535097758,0.7205357564323365,0.008907430349406165,0.3677045522711327,0.9600403202848348,0.8813702281476385,0.982914639857408,0.9964663180683379,0.9836968340495449,0.544238059390262,0.9322802926262319,None,0.9643229465045474,0.8892914147123119,0.9420988493099396,None,0.9441017294147147,0.9401770612231639,0.9887290215235232,0.9916193241134004,0.3076123749608573,0.9855304475278058,0.969681815917247,0.9738092287268278,0.9540367813704991,0.8619631131398268,None,0.9932044344651756,0.9682473024078578,0.5000000005,0.9597825582184134,0.9379395401932393,0.9698954944465273,0.6549899052178572,None,0.9495496958673318,0.9079093919175116,0.6851351581140809,0.38860104001869855,0.925644925548541,0.9712111468753316,0.9751664170579195,0.43044911698450483,0.8510548113176569,0.9505454661862554,0.9294187963321113,0.8428801977482716,0.9778058383771693,0.9686331938592998,0.9716118990947364,0.9253300060037221
kdcncc.xlsx,0.3527789272381653,0.5745679160102496,0.6998559230779209,0.7812226752294886,0.2352137464827755,0.5396934190578438,0.14526044322537635,0.5814756356196354,0.5151010278330669,0.2809202611867947,0.4495471454947624,0.6348717252571532,0.08779187067403837,0.45804271176479794,None,0.42095994732656583,0.019575190531057607,0.6345654846072202,None,0.6156782693301355,0.609172449662458,0.7087000859340844,0.3662499026706824,0.41868073680943496,0.8051303236340247,0.7350448366801944,0.6582567767083551,0.7926305620253656,0.4300655496005823,None,0.439008217565523,0.7993503615270218,0.6239208440585868,0.5000000005,0.2548956025349096,0.3548186029496581,0.42163750520623927,None,0.864935777003734,0.5190111205478994,0.4004917217438419,0.4981074105925264,0.8405405914642365,0.7454091182162188,0.7651617341816341,0.17230619435388783,0.5875304588453164,0.7366263901837713,0.6887703892510566,0.5152717455001582,0.7885751891708817,0.5086069973590924,0.4036028857626061,0.6365025906588919
jdf5g4.xlsx,0.9978935446373269,0.8030763618339174,0.8476270794888814,0.9880123348358302,0.11629366526380203,0.8615483482098394,0.15663247005617204,0.6966471788385435,0.9808742153083462,0.3659157387273251,0.31185757210542103,0.9957330531380955,0.13250477246596215,0.9854732083345425,None,0.06051015130153947,0.06110910302568945,0.9710042540813804,None,0.9455732210812863,0.8815411477549788,0.9639314086350627,0.8631810761551513,0.5987256408125994,0.992289596669939,0.9767346316553682,0.8356823570546108,0.9847927243200436,0.9799674897108773,None,0.8805885357602427,0.9989577439008452,0.880370403313605,0.9827429448850988,0.5000000005,0.883316341806027,0.24543850104870124,None,0.9763237586802266,0.959612214315792,0.8893467703700175,0.7225201723795719,0.9964392791087449,0.6330621533578152,0.34843203014508145,0.7834791599275678,0.885673479678992,0.9988224703442827,0.9778590347619021,0.8005572736019084,0.8967334439900974,0.5404061785655081,0.962105727502094,0.9921762305906481
jhgn9c.xlsx,0.8727140353236256,0.8472531887548298,0.9566962421192096,0.9991104909550921,0.9613418355430174,0.6961184871087869,0.004335848884154947,0.9953300567405432,0.9926384928478884,0.7947232195809186,0.6470606673733768,0.8023933526809827,0.9171782588743318,0.9836912806407292,None,0.9324819700894017,0.9700209349550913,0.9934011789718022,None,0.972098403897824,0.983900413653189,0.9526836401081302,0.7593346246412171,0.25038581897043216,0.9868578274131892,0.9963114344458273,0.9984083781603785,0.9921055256967974,0.7668113021829671,None,0.9354130744860436,0.9850748801921703,0.7808170813274198,0.8621249748451618,0.8816508067343112,0.5000000005,0.2999783234297501,None,0.9806004728374467,0.8677656864322218,0.9951399743284712,0.8454937989934019,0.9956614127593766,0.6793668355421398,0.9951041557245337,0.8693869130661498,0.9891203961281798,0.8471775463416815,0.9953741691259343,0.9971271010958112,0.9958691442685794,0.9898955029044942,0.5870417739904975,0.9732895826121664
kab5zb.xlsx,0.0011336512537835075,0.9532189526848851,0.8391123663685112,1.0549813620475135e-06,0.8246756740023646,0.8641672995383096,0.43000547575816706,0.29319034538068767,0.18091400327282403,0.4776740610349303,0.0001668301187340293,0.9849002866899415,0.8956497872832926,0.7297271718483634,None,0.14261694591255136,0.994671921478187,0.8971711792327794,None,0.8763062148625091,0.8908508123297749,0.176407192765273,0.6583604155751781,0.9110117884804374,0.8473954828972048,0.8700090884018002,0.6501428506925209,7.2518361315943025e-09,0.9903030975885276,None,0.19246396604725557,0.648924871159403,0.9551805119837423,0.8856942451819352,0.9741493399148613,0.9305091242658676,0.5000000005,None,0.05827893292818087,0.13759798023949965,0.8526822588825522,0.3250288912856279,0.32198420827880314,0.9950247351719621,0.9664115451661404,0.8819839850796594,0.9215376206371196,0.10482443127218077,0.0015079148110575535,0.9946337492128801,0.3535352793365844,0.15359063525680416,0.5717514899515077,0.9680937557640469
habc8.xlsx
jac345.xlsx,0.8495953669381238,0.9197070897097015,0.9033466762645359,0.8427183863788726,0.9673805079527802,0.6845813619070369,0.9261039174149529,0.9435480008303665,0.9873896386250374,0.9950416308126334,0.9106520302264562,0.8489721111936132,0.9732933953158458,0.9538108440005593,None,0.9339055778821191,0.9938930965505592,0.9871769572594171,None,0.9656496912571235,0.9866733571742781,0.9351116844069061,0.9231595945010992,0.7478686493480211,0.935336517518182,0.9487196001580307,0.9937632241079548,0.7180377549892785,0.9937267372882845,None,0.9719176869627986,0.9901922021997782,0.9472710928976549,0.9455894682534925,0.980797230461125,0.9493418291299769,0.7238348262091776,None,0.5000000005,0.917358060287691,0.9870129694426832,0.9906941503355853,0.9954956466631099,0.9556920187284623,0.9847416601116536,0.9098144403213336,0.9822947036994356,0.9988287132571871,0.900019891085444,0.9940095457545819,0.6847617068140637,0.9542608418275309,0.978961864417994,0.9762711461014126
nhm2p3.xlsx,0.19667484340023966,0.7355865077564026,0.8118353615270788,0.8084691178314389,0.5657568211914994,0.03623153715747124,0.09897263990641114,0.6389695218486424,0.7033404944301664,0.6046950246146202,0.529863347858367,0.9091118166305647,0.46063913393886835,0.86183331428629,None,0.8274429772597129,0.637313710609463,0.8997739222927799,None,0.6261990365570065,0.7858030437249277,0.05612274091164987,0.204448184561851,0.37649504483518426,0.9018577560943724,0.7934942190456221,0.7906241880957681,0.8560729867444605,0.3688861332198194,None,0.8969209175980175,0.3881709141827858,0.8602979052471353,0.7771850292911342,0.5810293567014587,0.7431991562687181,0.877218863028405,None,0.8800962806351528,0.5000000005,0.42691181184703014,0.7032583139638564,0.890018530869424,0.9744503071406647,0.9484964212457729,0.6342557883700228,0.9047933392734833,0.7587324215490927,0.8001443722909161,0.5336237083379824,0.8167578328237416,0.8681107344642599,0.6107269663719854,0.9779874726056523
lms8m4.xlsx,0.999992854387648,0.9999999975844376,0.9625482407775792,0.999999778741103,0.9999999906563082,0.9999998999639681,0.9999997299135219,0.9999999999990874,0.9999703999045837,0.999999986377573,0.9999995854869599,0.9999999999839368,0.999999999991555,0.9999999991012369,None,0.999999996800102,0.999999999996376,0.999999988672073,None,0.9999999932256072,0.9999999698779912,0.9998652464273527,0.9999999999966342,0.9749563023467475,0.9999999947979028,0.9999999871585344,0.9999999996021471,0.9999999606143692,0.999998532592808,None,0.9999999950942462,0.9996312716937772,0.9999999957628674,0.9999999999986597,0.9999995613128283,0.9999999847160215,0.9999999999988798,None,0.9999565932749765,0.9999999009574061,0.5000000005,0.9999999999998099,0.9991884515854048,0.999995544019296,0.9999999632971872,0.9999999933021358,0.999999973991408,0.9999999888745259,0.999946717150979,0.99999998759328,0.99600259297567,0.9999999905530284,0.9999999994522555,0.9999969279068082
jfk535.xlsx,0.15562448342860663,0.15149177046254703,0.26649934363221145,0.13313792167048877,0.4920493683455075,0.5778073299540418,0.1193586240288223,0.35532774454253724,0.24281550205938096,0.3628939219760095,0.3104752398725052,0.44586369881092036,0.5436010997097666,0.012238666922830266,None,0.19999572308222524,0.676313856023082,0.16271067509550485,None,0.17450557221526064,0.08659942005589527,0.005606403849515662,0.49836039464581156,0.7208358262155856,0.01614796676215119,0.23447987623366862,0.466626350659437,0.3263050152376417,0.5575091719974798,None,0.3960813363310946,0.05477244460344993,0.04097803237684605,0.5237639860422239,0.21994057158142394,0.6395695729812787,0.4500445992903019,None,0.0014243627312034435,0.15978609588752646,0.2985652301277956,0.5000000005,0.012022233612590916,0.7030447386074226,0.2526983497856418,0.004600380612481192,0.3124470638081568,3.9333693385712465e-07,0.278296297399889,0.5560144148877846,0.6146589347484874,0.4397526170844338,0.03161419836819063,0.2641750859436564
sanfz9.xlsx,0.9999999999997878,1.0,0.9999999999999999,1.0,0.9999999999999836,1.0,0.9999999994092666,0.9999999999996836,1.0,1.0,0.9999999998717499,1.0,0.9999999915579516,1.0,None,1.0,0.9999999999999827,0.9999999999999996,None,0.9999999999999705,0.9999999999999905,0.9999999999999917,1.0,1.0,0.999999999999999,1.0,0.9999999999998388,0.9999999999999982,1.0,None,1.0,1.0,0.9999999999999947,0.9999999999995766,1.0,0.9999999999999754,1.0,None,0.9999999999999956,0.9999999999999936,0.9999999999999973,0.999999999981815,0.5000000005,1.0,1.0,0.9999999999999996,0.9999999999999988,0.9999999999999977,0.9999999999999999,1.0,1.0,0.999999999978908,0.999999999999164,0.9999999999988645
jkn7fc.xlsx,0.9996222790528291,0.996056044721217,0.9998114669082911,0.9897667532814571,0.9964854853109668,0.9998257586982722,0.3688055816539223,0.997173740805935,0.9238689323489575,0.44701015738865946,0.282274361593599,0.9998471627297838,0.99267065381561,0.9998906122380822,None,0.9682279142375092,0.914905968395828,0.9972697154787293,None,0.9969977415471583,0.9976883741297359,0.9992706632472297,0.9456337047043522,0.9934064796729999,0.998338182853342,0.9997353275988679,0.9857161989238146,0.9970166094640578,0.9977629125465842,None,0.9705678863975391,0.9999713821856056,0.998511369644723,0.9982296553092582,0.9860024076569391,0.9903134317469142,0.5549433184974459,None,0.9996300368716953,0.9971941190360647,0.9969547730691614,0.9981291431515076,0.9987299246423,0.5000000005,0.9996225768828506,0.9976335471043494,0.998454947455897,0.9999258341748498,0.9914414508036061,0.9745027747254547,0.9979167753801472,0.9930336120361931,0.9787380437267157,0.9994977059316374
jlgwxc.xlsx,0.9405062981631254,0.3343560320501655,0.9492903720873744,0.8605421453591113,0.9380413132066197,0.7899112069387252,0.4329701765857783,0.946915970711993,0.8686920086059108,0.8959219561922289,0.6488961037126701,0.9108850927958374,0.9177535831313,0.7255968217004591,None,0.26536674810761435,0.948618760067576,0.6891826787799014,None,0.8534597478936576,0.8492163341092874,0.9266847579524403,0.8864477245994153,0.9609140182301801,0.7299556313628143,0.8866274022694236,0.9233538284833567,0.7681151815809921,0.9341250963132587,None,0.880559999052319,0.2878546877452996,0.08028587112531027,0.8485087080214645,0.895134711831659,0.871026407794792,0.8220378784791514,None,0.6952143684109288,0.6061350019856397,0.9193621285999809,0.9226600048069863,0.9490291903362157,0.8671710443223577,0.5000000005,0.8768131814935208,0.8128280649966858,0.8921403433725181,0.8618003147094718,0.9598200530076421,0.8949993751321785,0.9534341653713841,0.8029593759322234,0.7084303002262019
oro26b.xlsx,0.6121320677702196,0.29316954798677947,0.5484021923681208,0.05054434749623249,0.41708602836426406,0.7181900277918043,0.4096121746523112,0.7217831149701461,0.5276055423507418,0.6027128178068193,0.2745344397661822,0.00033065080534416813,0.5661367379331117,0.20013091974359365,None,0.02412887657780577,0.6917852107884923,0.29260682939050175,None,0.03444661654616393,0.3980233364224942,0.4809019800831745,0.6226305179037417,0.31050522052340235,0.039111447858002135,0.5771461867992882,0.8180228952566794,0.09712095372462493,0.09778525218728501,None,0.02741434816120475,8.012907079912868e-06,0.14776901744003196,0.4623735251245606,0.5381676366597479,0.48021870998679667,0.6574633574942743,None,0.32722021519430844,0.5181069128070637,0.2755656737349881,0.5319160770116438,0.10106731958006365,0.5444831541592696,0.47099050549314797,0.5000000005,0.3626665939601233,0.7822053452399061,0.15594541699519282,0.7064444715118328,0.7120257572988474,0.5117022183969477,0.31843536032175374,0.18976897717731167
bay6g7.xlsx,0.5424116682411106,0.586862443357834,0.5274156426156835,0.44947432340372645,0.442523185517078,0.4804678274831657,0.6665996014760666,0.5579057709247235,0.5493036239227342,0.4977106240280289,0.6641394861528971,0.5631303193367918,0.47692219809881375,0.47410545928316916,None,0.6253254256748123,0.566303053782508,0.5076983900162353,None,0.5098378157011736,0.5065118788990306,0.5820487415722804,0.5568863172693632,0.627334054909233,0.3144954580781909,0.6060886331148126,0.4729207374865183,0.5308231910941454,0.518967181906312,None,0.46593883075970305,0.5482456937053913,0.5467519963941101,0.5882666568174282,0.5483490856484776,0.4962891081590077,0.4469722880464686,None,0.5228140731238711,0.468665518067428,0.5953250303350937,0.5769570548151243,0.5885900952211551,0.6166822227638631,0.54630654012569,0.5698722832547858,0.5000000005,0.46138227723545777,0.5166103151365173,0.5515988880448182,0.6330309047571061,0.5653307401103144,0.5362097844188197,0.5405181293874115
tlgdq9.xlsx,0.6374913852959138,0.846485480936427,0.08615558336472484,0.7325437437337501,0.0004965400605626002,0.9794858151336184,0.7772652548511894,0.3491951679339983,0.8581347357926382,0.2771635996752239,0.23520603454261801,0.0352670978953345,0.29187459675029304,0.3388580995300055,None,0.011803934189369703,0.0017669449797075854,0.7119529602583119,None,0.6395607831000201,0.6039208709552186,0.26104040746957624,0.5487872684036923,0.9961889669784751,0.9516695769478962,0.8760498378224741,0.807564668485605,0.5519143043841969,0.00981451561501534,None,0.47605834894556665,0.8555916068457072,0.8501737846697477,0.3653758421256111,0.16186329973015018,0.35257483968635844,0.5595005931489279,None,0.724989063722442,0.4372404349537253,0.7520944730459191,6.99139333115717e-06,0.21087260333100621,0.8996091438239229,0.8322896679848208,0.6934072825476215,0.7853728221826429,0.5000000005,0.7478559636527743,0.9509375284915684,0.8785390194483157,0.855009248240782,0.13631948633395352,0.8902669443421006
pt7td.xlsx,0.999999998593538,0.9999999999981672,0.9999999999999136,0.011700470216322978,0.9999999999210902,0.9999999999613642,1.0,0.9999999997318343,0.9979828402945807,0.9999999886904725,0.9999999997979278,0.9999999999921938,0.9999996546977636,0.999999999548308,None,0.999999999999994,0.9999999999998263,0.9999999999378778,None,0.9999999999438272,0.9999999999343052,0.9999991012746605,0.9999999999995928,0.9999999999982493,0.9999999208850622,0.9999999999995679,0.9999999999999661,0.9825290389788317,0.9999999999825776,None,0.9999198814187671,0.999894339438427,0.9999999999904936,0.9999999999778556,0.9999999999998204,0.9999999999997318,0.9999999443534182,None,0.9999992944120373,0.9999999933279156,0.9999018382074392,0.9999999999979545,0.9999999999961064,0.9999999999906304,0.9999999999903371,0.9999999999970306,0.9999999995286486,0.9999994600758964,0.5000000005,0.9999999999976183,0.9999999999985387,0.9999994066072323,0.9999999999991784,0.9999999930230811
amsh7c.xlsx,0.6196067812253867,0.9216907494392388,0.05201558158317676,0.99894177162029,0.9921889438487628,0.5585478900628622,0.009634729200353076,0.9236286634688493,0.8798828102935276,0.9517592742772205,0.0896459770437279,0.5678001690183007,0.9998586210873983,0.9388909807066552,None,0.20534061757561245,0.8044108562220423,0.9799235103545026,None,0.944224784781913,0.9593954317745775,0.8556869226003986,0.3280306870076818,0.10031154191252833,0.9894286538971172,0.8313313747833754,0.3567592422885237,0.98556498896579,0.20687013974841983,None,0.9845854222506728,0.9279798037016753,0.9533036398504231,0.9884246768238552,0.9016062481245332,0.2483041761817314,0.9124048963089386,None,0.9769732701916048,0.8286850438576274,0.7295307724906961,0.32851538068925284,0.9385733733256114,0.9507888751118405,0.9957183876971811,0.9706028408875089,0.9699387616991675,0.5372100151756031,0.9932122668782215,0.5000000005,0.08836784700295208,0.6413872072771625,0.8905493006138303,0.978828277192407
ctkbn4.xlsx,0.20336978691752233,0.7570593025137505,0.9267017366092074,6.348234182773638e-08,0.6473007485002775,0.6667090742469981,0.14886931597408304,0.6271904283168364,0.0067428945128603646,0.08631759855981919,0.0009416026549046719,0.8823757264240831,0.652417664884374,0.6827793597402199,None,0.989297965916208,0.9056677448277394,0.7058383420154897,None,0.6401998241790098,0.7008383529406342,0.0917312979848956,0.6558207585132464,0.48164059252347446,0.38266924003237346,0.512938047713678,0.8541493141950138,1.3565914697977188e-05,0.8443948710744273,None,0.0037949935333933538,0.853046819988664,0.8320378728051008,0.5017228877283162,0.8735738180525076,0.37048754286523927,0.024462370646617937,None,0.07331961079076821,0.06316137740540584,0.37735100137034244,0.499447696182991,0.9741036230017848,0.16255904743044058,0.7512531901706718,0.8696166473131726,0.5959300389359032,0.9356652364234699,2.2291455195611043e-06,0.7660727616925174,0.5000000005,0.10397744828028904,0.6324194183716482,0.7601408609532455
hemmb2.xlsx,0.17182704508586472,0.9962670900145034,0.9687999944011176,0.97335748429524,0.9552720080865069,0.9932230764688958,0.8757738151980833,0.8497979211535347,0.9749434798150408,0.9077431221939735,0.8829513433452629,0.9921650549389371,0.9979634936512423,0.962300041998979,None,0.9951126728643046,0.981891341311206,0.9931926691827239,None,0.9907263620034819,0.979071981449593,0.9721913643816253,0.9767718370727716,0.7446121658610947,0.9916886703178938,0.9193514709474291,0.9769962672562087,0.9727675778937176,0.9378058232386666,None,0.9891462685186637,0.9595422023482422,0.996480926832857,0.9902025756091222,0.9964817976330536,0.9881276461169226,0.9590504854561244,None,0.9789057834777868,0.9331585058926704,0.9980764529683959,0.9745330514203003,0.9638686966210093,0.9930185856931337,0.9975362763387974,0.9736598637242546,0.9950167257519729,0.8426809626853093,0.9875196608564726,0.9973455856816715,0.7672734647391574,0.5000000005,0.9833424427806385,0.9974063995612175
jlkm94.xlsx,0.09242024684751049,0.5807505503847943,0.5089781039254571,0.012879179294566112,0.5270907740989045,0.4539279027319107,0.4278530345464275,0.4851321047099787,0.33587979112082417,0.20199028284114617,0.18825698424774007,0.7470691385319914,0.6741440293941232,0.32881907062028876,None,0.6855624659124957,0.7637650730157097,0.6723983594370808,None,0.5887428312022733,0.6672081548677351,0.1692095312769364,0.5444549244153596,0.27740667823895426,0.4198848313172377,0.7256576283933807,0.47398523049196045,0.08439478276945472,0.3235014297649049,None,0.22246894566922898,0.5851189951010167,0.7920852440893992,0.4204738754107617,0.4356579321745512,0.7530114442945736,0.721255335841565,None,0.28435520525023067,0.531672206647784,0.0845920535256004,0.4254664153956856,0.6763711531636956,0.8247282619775923,0.7654159445237736,0.6089413223730553,0.45197912488450775,0.7045634216601411,0.004505148744388621,0.4380531425798452,0.4598789356131328,0.07336407377117016,0.5000000005,0.545901356507051
krh5f5.xlsx,0.9726809975265294,0.9708756914230514,0.9816703247511994,0.9996732576113767,0.9994451367378219,0.9400765478130736,0.6580209248308002,0.9999826368104308,0.9983620658167413,0.9942974809423072,0.9987481327167163,0.9799557698952668,0.9999344423352146,0.9997382097420826,None,0.9696169509238526,0.8693047689694549,0.9997866067184626,None,0.9990281326309747,0.9992690606196301,0.9999625139225595,0.9999305864219161,0.018656289600649467,0.9995930384714319,0.9999366000549235,0.9882277341742034,0.9978453514706229,0.968813506775599,None,0.9999633517409814,0.9999603721915109,0.74935985075284,0.9960849225258427,0.9999411766901076,0.8896260144434784,0.8494748863945895,None,0.9999730708275727,0.9998150220562909,0.9292889614391937,0.9999968783822386,0.9675030982820333,0.9334486462919818,0.9926475338147409,0.9695292451203534,0.9996286630216753,0.9990869643760377,0.9907469615117019,0.9991742191674342,0.972661749903955,0.8732236138422771,0.9995819412739457,0.5000000005
